{"initial_reset_timestamp": 1622004616.991275, "timestamps": [1622004624.8762863, 1622004626.1272857, 1622004627.1792896, 1622004628.3038063], "episode_lengths": [18, 17, 20, 20], "episode_rewards": [-13.710862565804565, -4.30082874193031, -10.231054744136053, -4.266204553320131], "episode_types": ["t", "t", "t", "t", "t"]}